Model,Train_Acc,Test_Acc,Gap,Precision,Recall,F1,ROC_AUC
Decision Tree,0.8759398496240601,0.76,0.11593984962406012,0.7876106194690266,0.7876106194690266,0.7876106194690266,0.8262129996948429
Random Forest,0.9987468671679198,0.77,0.2287468671679198,0.845360824742268,0.7256637168141593,0.780952380952381,0.8233140067134573
Logistic Regression,0.7819548872180451,0.76,0.02195488721804506,0.8651685393258427,0.6814159292035398,0.7623762376237624,0.8058183297731666
SVM,0.7794486215538847,0.755,0.02444862155388472,0.8555555555555555,0.6814159292035398,0.7586206896551724,0.811565456209948
XGBoost,0.9761904761904762,0.735,0.24119047619047618,0.7884615384615384,0.7256637168141593,0.7557603686635944,0.8041908249415115
LightGBM,1.0,0.72,0.28,0.7714285714285715,0.7168141592920354,0.7431192660550459,0.7993083104465465
Neural Network,0.7581453634085213,0.675,0.0831453634085213,0.6846153846153846,0.7876106194690266,0.7325102880658436,0.7536364561082292
